Comment,Designator,Footprint,LCSC,Quantity
100,"R2,R5,R8,R11,R14,R17,R20,R23,R26,R29,R32",R_0402_1005Metric,C25076,11
100K,"R3,R6,R9,R12,R15,R18,R21,R24,R27,R30,R33,R50",R_0402_1005Metric,C25741,12
100nF,"C5,C6,C7,C12,C14,C19",C_0402_1005Metric,C1525,6
10K,"R13,R28,R31,R34,R36,R38,R40,R42,R44,R46,R54,R55,R58",R_0402_1005Metric,C25744,13
10uF,C13,C_0603_1608Metric,C19702,1
1K,"R1,R4,R7,R10,R52,R62",R_0402_1005Metric,C11702,6
1K5,R53,R_0402_1005Metric,C25867,1
1uF,"C8,C20",C_0402_1005Metric,C52923,2
2.2uH,L1,L_Sunlord_SWPA4020S,C83423,1
22,"R59,R60",R_0402_1005Metric,C25092,2
22K,R51,R_0402_1005Metric,C25768,1
22nF,C9,C_0402_1005Metric,C1532,1
22uF,"C17,C18",C_0805_2012Metric,C45783,2
2K2,R48,R_0402_1005Metric,C25879,1
33,"R35,R37,R39,R41,R43,R45",R_0402_1005Metric,C25105,6
470,R61,R_0402_1005Metric,C25117,1
47uF,"C10,C11",C_1206_3216Metric,C96123,2
4K7,"R19,R22,R47",R_0402_1005Metric,C25900,3
5K1,"R56,R57",R_0402_1005Metric,C25905,2
74LVC07A,U4,SOIC-14_3.9x8.7mm_P1.27mm,C6049,1
74LVC14A,"U2,U3",SOIC-14_3.9x8.7mm_P1.27mm,C133541,2
BOOT,"SW1,SW2",SW_Push_1P1T_XKB_TS-1187A,C318884,2
ESP32-S3-WROOM-1-N16R8,U1,ESP32-S3-WROOM-1,C2913202,1
LED red,D3,LED_0603_1608Metric,C2286,1
SS34,"D1,D2",D_SMA,C8678,2
TLV62569DBVR,U6,SOT-23-5,C141836,1
TPS259531,U5,Texas_DSG0008A_WSON-8-1EP_2x2mm_P0.5mm_EP0.9x1.6mm,C2155674,1
USB-C,J3,USB-C-SMD_TYPE-C16PIN,C393939,1
USBLC6-2SC6,U7,SOT-23-6,C2687116,1
