Designator,Val,Package,Mid X,Mid Y,Rotation,Layer
C10,47uF,C_1206_3216Metric,104.0,-125.65,0.0,top
C11,47uF,C_1206_3216Metric,104.0,-128.15,0.0,top
C12,100nF,C_0402_1005Metric,108.8,-127.3,0.0,top
C13,10uF,C_0603_1608Metric,112.9,-117.9,0.0,top
C14,100nF,C_0402_1005Metric,109.6,-120.8,-90.0,top
C17,22uF,C_0805_2012Metric,117.6,-125.3,180.0,top
C18,22uF,C_0805_2012Metric,116.9,-101.5,0.0,top
C19,100nF,C_0402_1005Metric,118.9,-103.2,0.0,top
C20,1uF,C_0402_1005Metric,119.1,-104.35,0.0,top
C5,100nF,C_0402_1005Metric,131.3,-123.8,90.0,top
C6,100nF,C_0402_1005Metric,119.85,-124.8,90.0,top
C7,100nF,C_0402_1005Metric,144.8,-123.8,90.0,top
C8,1uF,C_0402_1005Metric,110.8,-133.95,0.0,top
C9,22nF,C_0402_1005Metric,110.0,-129.6,0.0,top
D1,SS34,D_SMA,104.0,-122.55,0.0,top
D2,SS34,D_SMA,104.0,-118.9,0.0,top
D3,LED red,LED_0603_1608Metric,150.8,-102.0,0.0,top
J3,USB-C,USB-C-SMD_TYPE-C16PIN,104.7825,-112.5,-90.0,top
L1,2.2uH,L_Sunlord_SWPA4020S,117.2,-121.5,0.0,top
R1,1K,R_0402_1005Metric,135.99,-134.3,90.0,top
R10,1K,R_0402_1005Metric,123.29,-134.3,90.0,top
R11,100,R_0402_1005Metric,124.39,-134.3,90.0,top
R12,100K,R_0402_1005Metric,123.8,-130.2,90.0,top
R13,10K,R_0402_1005Metric,125.83,-134.3,90.0,top
R14,100,R_0402_1005Metric,126.93,-134.3,90.0,top
R15,100K,R_0402_1005Metric,125.1,-130.2,90.0,top
R17,100,R_0402_1005Metric,132.01,-134.3,90.0,top
R18,100K,R_0402_1005Metric,127.7,-130.2,90.0,top
R19,4K7,R_0402_1005Metric,138.53,-134.3,90.0,top
R2,100,R_0402_1005Metric,137.09,-134.3,90.0,top
R20,100,R_0402_1005Metric,139.63,-134.3,90.0,top
R21,100K,R_0402_1005Metric,135.3,-130.2,90.0,top
R22,4K7,R_0402_1005Metric,141.07,-134.3,90.0,top
R23,100,R_0402_1005Metric,142.17,-134.3,90.0,top
R24,100K,R_0402_1005Metric,136.6,-130.2,90.0,top
R26,100,R_0402_1005Metric,116.77,-134.3,90.0,top
R27,100K,R_0402_1005Metric,121.2,-130.2,90.0,top
R28,10K,R_0402_1005Metric,118.21,-134.3,90.0,top
R29,100,R_0402_1005Metric,119.31,-134.3,90.0,top
R3,100K,R_0402_1005Metric,134.0,-130.2,90.0,top
R30,100K,R_0402_1005Metric,122.5,-130.2,90.0,top
R31,10K,R_0402_1005Metric,128.37,-134.3,90.0,top
R32,100,R_0402_1005Metric,129.47,-134.3,90.0,top
R33,100K,R_0402_1005Metric,126.4,-130.2,90.0,top
R34,10K,R_0402_1005Metric,148.8,-130.2,90.0,top
R35,33,R_0402_1005Metric,149.24,-134.3,-90.0,top
R36,10K,R_0402_1005Metric,152.7,-130.2,90.0,top
R37,33,R_0402_1005Metric,121.3,-134.3,-90.0,top
R38,10K,R_0402_1005Metric,147.5,-130.2,90.0,top
R39,33,R_0402_1005Metric,144.16,-134.3,-90.0,top
R4,1K,R_0402_1005Metric,133.45,-134.3,90.0,top
R40,10K,R_0402_1005Metric,146.2,-130.2,90.0,top
R41,33,R_0402_1005Metric,146.7,-134.3,-90.0,top
R42,10K,R_0402_1005Metric,150.1,-130.2,90.0,top
R43,33,R_0402_1005Metric,113.68,-134.3,-90.0,top
R44,10K,R_0402_1005Metric,151.4,-130.2,90.0,top
R45,33,R_0402_1005Metric,154.32,-134.3,-90.0,top
R46,10K,R_0402_1005Metric,108.1,-131.0,-90.0,top
R47,4K7,R_0402_1005Metric,108.17,-132.97,-90.0,top
R48,2K2,R_0402_1005Metric,113.4,-131.0,90.0,top
R5,100,R_0402_1005Metric,134.55,-134.3,90.0,top
R50,100K,R_0402_1005Metric,111.4,-124.9,0.0,top
R51,22K,R_0402_1005Metric,111.4,-126.2,0.0,top
R52,1K,R_0402_1005Metric,141.2,-102.4,90.0,top
R53,1K5,R_0402_1005Metric,142.4,-102.4,90.0,top
R54,10K,R_0402_1005Metric,116.4,-104.6,0.0,top
R55,10K,R_0402_1005Metric,141.2,-117.4,90.0,top
R56,5K1,R_0402_1005Metric,110.0,-109.2,0.0,top
R57,5K1,R_0402_1005Metric,110.0,-115.8,0.0,top
R58,10K,R_0402_1005Metric,109.2,-117.6,0.0,top
R59,22,R_0402_1005Metric,114.4,-113.45,0.0,top
R6,100K,R_0402_1005Metric,132.7,-130.2,90.0,top
R60,22,R_0402_1005Metric,114.4,-111.55,0.0,top
R61,470,R_0402_1005Metric,142.4,-106.2,90.0,top
R62,1K,R_0402_1005Metric,150.8,-104.2,0.0,top
R7,1K,R_0402_1005Metric,151.23,-134.3,90.0,top
R8,100,R_0402_1005Metric,152.33,-134.3,90.0,top
R9,100K,R_0402_1005Metric,137.9,-130.2,90.0,top
SW1,BOOT,SW_Push_1P1T_XKB_TS-1187A,155.9,-110.3,0.0,top
SW2,RESET,SW_Push_1P1T_XKB_TS-1187A,155.9,-116.0,0.0,top
U1,ESP32-S3-WROOM-1-N16R8,ESP32-S3-WROOM-1,130.0,-106.75,0.0,top
U2,74LVC14A,SOIC-14_3.9x8.7mm_P1.27mm,136.5,-125.2,90.0,top
U3,74LVC14A,SOIC-14_3.9x8.7mm_P1.27mm,125.0,-125.2,90.0,top
U4,74LVC07A,SOIC-14_3.9x8.7mm_P1.27mm,150.0,-125.2,90.0,top
U5,TPS259531,Texas_DSG0008A_WSON-8-1EP_2x2mm_P0.5mm_EP0.9x1.6mm,111.2,-131.9,0.0,top
U6,TLV62569DBVR,SOT-23-5,112.5,-121.3,0.0,top
U7,USBLC6-2SC6,SOT-23-6,111.3,-112.5,180.0,top
